{"cameraMode":{"drawMode":0,"name":"Shaded","section":"Shading Mode"},"sceneLighting":true,"audioPlay":false,"sceneViewState":{"m_AlwaysRefresh":false,"showFog":true,"showSkybox":true,"showFlares":true,"showImageEffects":true,"showParticleSystems":true,"showVisualEffectGraphs":true,"m_FxEnabled":true},"in2DMode":false,"pivot":{"x":-0.16825008392333985,"y":4.106061935424805,"z":-1.8976688385009766},"rotation":{"x":-0.04241444543004036,"y":0.9287114143371582,"z":-0.11227511614561081,"w":-0.3508414924144745},"size":11.925186157226563,"orthographic":false}